id,target
32159,
32064,
32065,
32066,
32067,
32068,
32069,
32070,
32071,
32072,
32073,
32074,
32075,
32076,
32077,
32078,
32079,
32080,
32081,
32082,
32083,
32084,
32085,
32086,
32087,
32088,
32089,
32090,
32091,
32092,
32093,
32094,
32095,
32096,
32097,
32098,
32099,
32100,
32101,
32102,
32103,
32104,
32105,
32106,
32107,
32108,
32109,
32110,
32111,8247.7890625
32112,2592.955078125
32113,2816.7431640625
32114,2801.739501953125
32115,5769.99072265625
32116,6133.2548828125
32117,6623.306640625
32118,6648.3173828125
32119,6631.169921875
32120,6801.17041015625
32121,8053.91357421875
32122,8105.56787109375
32123,8164.12060546875
32124,8228.666015625
32125,8281.7021484375
32126,8328.6708984375
32127,8361.357421875
32128,8416.8388671875
32129,8458.2685546875
32130,8495.6708984375
32131,3253.82421875
32132,3146.703125
32133,3183.236572265625
32134,3178.3291015625
32135,2575.978759765625
32136,2593.77734375
32137,2562.448974609375
32138,2587.884765625
32139,2591.62109375
32140,2603.4677734375
32141,2607.880615234375
32142,2580.244384765625
32143,2412.922607421875
32144,2460.46826171875
32145,2463.185302734375
32146,2470.084228515625
32147,2325.40771484375
32148,2613.530517578125
32149,2583.569580078125
32150,2579.372314453125
32151,2375.939208984375
32152,2187.091064453125
32153,2220.265869140625
32154,2222.6435546875
32155,2394.52880859375
32156,2189.482421875
32157,2194.85986328125
32158,2200.237548828125
32255,1925.23681640625
32160,1929.7938232421875
32161,1949.034912109375
32162,1966.537353515625
32163,1867.7889404296875
32164,1895.08935546875
32165,1919.842041015625
32166,1943.8028564453125
32167,1331.7000732421875
32168,1362.1485595703125
32169,1396.8568115234375
32170,1433.4337158203125
32171,1256.7965087890625
32172,1287.2479248046875
32173,1321.9339599609375
32174,1360.7020263671875
32175,1201.2135009765625
32176,1209.8094482421875
32177,1241.5377197265625
32178,1284.8892822265625
32179,1144.0487060546875
32180,1155.7637939453125
32181,1176.4727783203125
32182,1209.3065185546875
32183,1089.9490966796875
32184,1107.2628173828125
32185,1127.6529541015625
32186,1149.6737060546875
32187,1053.8477783203125
32188,1073.6695556640625
32189,1099.8919677734375
32190,1166.3465576171875
32191,3646.438232421875
32192,3965.629150390625
32193,4758.859375
32194,4862.2216796875
32195,4139.1669921875
32196,3428.780517578125
32197,3576.856201171875
32198,3601.584228515625
32199,2252.58837890625
32200,2279.95849609375
32201,2247.67919921875
32202,2205.615478515625
32203,2231.8193359375
32204,1854.80126953125
32205,1787.8382568359375
32206,1806.781005859375
32207,1911.671875
32208,1947.7083740234375
32209,2183.200927734375
32210,2168.179931640625
32211,2219.767333984375
32212,2224.50146484375
32213,2228.864501953125
32214,2231.734619140625
32215,2238.713134765625
32216,2240.350830078125
32217,2244.41552734375
32218,2248.366943359375
32219,2276.56298828125
32220,2280.7548828125
32221,2284.56591796875
32222,2288.487548828125
32223,2337.71533203125
32224,2314.626953125
32225,2318.480712890625
32226,2350.26611328125
32227,2313.31298828125
32228,2318.706787109375
32229,2320.5576171875
32230,2325.824462890625
32231,1995.918212890625
32232,1836.2572021484375
32233,1840.7415771484375
32234,1993.5059814453125
32235,2301.822265625
32236,2304.18115234375
32237,2307.4384765625
32238,2306.54541015625
32239,2299.557861328125
32240,2296.019775390625
32241,2293.816650390625
32242,2297.65283203125
32243,2275.011962890625
32244,2287.69482421875
32245,2294.2041015625
32246,2302.4638671875
32247,2050.719482421875
32248,1768.76708984375
32249,1954.8740234375
32250,1969.3814697265625
32251,2083.63232421875
32252,2049.0634765625
32253,2056.261474609375
32254,2054.720458984375
32351,1937.875
32256,1948.8631591796875
32257,1971.26708984375
32258,1995.6802978515625
32259,1852.3712158203125
32260,1877.395751953125
32261,1903.814208984375
32262,1929.201904296875
32263,916.9088134765625
32264,947.7862548828125
32265,990.9442138671875
32266,1034.0911865234375
32267,888.9974365234375
32268,902.3023681640625
32269,928.0821533203125
32270,973.0181884765625
32271,858.8568115234375
32272,870.9644775390625
32273,883.7086181640625
32274,912.2584228515625
32275,850.3187255859375
32276,846.2445068359375
32277,844.4239501953125
32278,855.3863525390625
32279,834.0518798828125
32280,826.3812255859375
32281,816.9351806640625
32282,805.1766357421875
32283,824.9586181640625
32284,815.0538330078125
32285,803.7518310546875
32286,797.8424072265625
32287,1989.433349609375
32288,6127.8291015625
32289,9286.431640625
32290,9349.064453125
32291,10003.6943359375
32292,9937.521484375
32293,9874.412109375
32294,9809.84765625
32295,9872.59765625
32296,9972.072265625
32297,9963.998046875
32298,9950.287109375
32299,9354.7265625
32300,9358.8662109375
32301,9354.1689453125
32302,9367.3037109375
32303,9881.271484375
32304,2576.335693359375
32305,2565.83740234375
32306,2553.08544921875
32307,5822.181640625
32308,9024.5869140625
32309,9275.8125
32310,9217.1181640625
32311,9999.6806640625
32312,9945.283203125
32313,10148.3525390625
32314,10147.7412109375
32315,10293.115234375
32316,10270.6689453125
32317,10298.484375
32318,10298.58984375
32319,10442.759765625
32320,10389.8251953125
32321,10409.267578125
32322,10424.58203125
32323,9359.45703125
32324,9508.353515625
32325,9508.9677734375
32326,9291.8447265625
32327,8961.94921875
32328,8955.9267578125
32329,8932.546875
32330,8921.4404296875
32331,9193.4169921875
32332,9214.7275390625
32333,9220.576171875
32334,9232.30078125
32335,9306.3037109375
32336,9251.1630859375
32337,9273.744140625
32338,9267.21484375
32339,5686.39111328125
32340,3075.109130859375
32341,2941.222900390625
32342,2932.85498046875
32343,3073.2431640625
32344,3579.079833984375
32345,3538.103271484375
32346,3469.91748046875
32347,3635.1220703125
32348,2170.6904296875
32349,2313.251708984375
32350,2297.9677734375
32447,2205.60791015625
32352,2121.38623046875
32353,2128.803466796875
32354,2143.171142578125
32355,1929.897216796875
32356,1904.070556640625
32357,1924.51123046875
32358,1935.522216796875
32359,912.0643310546875
32360,926.3646240234375
32361,939.4901123046875
32362,949.4947509765625
32363,873.1549072265625
32364,866.3990478515625
32365,876.9427490234375
32366,890.5938720703125
32367,842.5394287109375
32368,831.4366455078125
32369,825.0447998046875
32370,826.5452880859375
32371,829.3248291015625
32372,819.3143310546875
32373,812.5472412109375
32374,811.8541259765625
32375,819.3052978515625
32376,805.0445556640625
32377,789.9857177734375
32378,786.4674072265625
32379,827.3912353515625
32380,814.0308837890625
32381,798.6990966796875
32382,796.4046630859375
32383,1633.17431640625
32384,6711.53662109375
32385,10455.6357421875
32386,10555.298828125
32387,10247.0546875
32388,9798.958984375
32389,9674.703125
32390,9595.4423828125
32391,9651.41015625
32392,9775.861328125
32393,9752.9658203125
32394,9748.10546875
32395,9168.908203125
32396,9176.853515625
32397,9177.33984375
32398,9193.0634765625
32399,9802.4169921875
32400,2632.71435546875
32401,2601.014892578125
32402,2569.944580078125
32403,5721.1494140625
32404,9119.0791015625
32405,9199.7861328125
32406,9089.02734375
32407,9900.783203125
32408,9900.8134765625
32409,9976.869140625
32410,9967.4404296875
32411,10125.8251953125
32412,10119.7783203125
32413,10119.822265625
32414,10118.26171875
32415,10269.412109375
32416,10269.91015625
32417,10269.5791015625
32418,10268.794921875
32419,9416.9228515625
32420,9532.685546875
32421,9516.9150390625
32422,9354.72265625
32423,9060.7529296875
32424,9046.3173828125
32425,9012.05859375
32426,8993.6083984375
32427,9293.36328125
32428,9315.2216796875
32429,9308.09765625
32430,9296.7080078125
32431,9406.2373046875
32432,9351.7626953125
32433,9371.77734375
32434,9352.6435546875
32435,5910.15966796875
32436,3013.998291015625
32437,2877.948974609375
32438,2881.52490234375
32439,3083.118408203125
32440,4098.62744140625
32441,3920.355712890625
32442,3824.795166015625
32443,4057.71533203125
32444,2974.933837890625
32445,3036.9375
32446,3020.5732421875
32543,1931.2393798828125
32448,2057.8974609375
32449,2068.8779296875
32450,2073.380615234375
32451,1805.0751953125
32452,1825.9017333984375
32453,1847.38818359375
32454,1868.743408203125
32455,880.3458251953125
32456,873.2103271484375
32457,871.6273193359375
32458,865.9744873046875
32459,842.9476318359375
32460,829.8323974609375
32461,829.0216064453125
32462,823.0574951171875
32463,825.0040283203125
32464,816.1666259765625
32465,811.4981689453125
32466,812.1373291015625
32467,820.0081787109375
32468,809.8819580078125
32469,797.4774169921875
32470,794.9095458984375
32471,808.3157958984375
32472,792.9759521484375
32473,777.9195556640625
32474,769.4964599609375
32475,789.4154052734375
32476,776.0924072265625
32477,764.8577880859375
32478,756.0001220703125
32479,1466.3302001953125
32480,6849.80126953125
32481,10913.9560546875
32482,11032.267578125
32483,10212.265625
32484,9760.9248046875
32485,9629.8876953125
32486,9571.5458984375
32487,9613.4765625
32488,9690.2783203125
32489,9667.8525390625
32490,9664.5107421875
32491,9131.2763671875
32492,9143.6806640625
32493,9135.4072265625
32494,9137.251953125
32495,9599.8349609375
32496,2604.4814453125
32497,2573.687255859375
32498,2557.47998046875
32499,5681.1591796875
32500,9096.029296875
32501,9085.4609375
32502,9009.958984375
32503,9822.1259765625
32504,9822.2919921875
32505,9910.5888671875
32506,9924.85546875
32507,10067.39453125
32508,10067.8798828125
32509,10077.23828125
32510,10075.6796875
32511,10226.6787109375
32512,10227.326171875
32513,10227.0009765625
32514,10226.21875
32515,9440.3994140625
32516,9480.0498046875
32517,9493.80859375
32518,9344.0087890625
32519,9055.23828125
32520,9041.2431640625
32521,9007.173828125
32522,8989.61328125
32523,9288.9609375
32524,9310.8330078125
32525,9303.7451171875
32526,9294.216796875
32527,9401.8720703125
32528,9347.4248046875
32529,9367.4658203125
32530,9349.96484375
32531,5251.09912109375
32532,2974.856689453125
32533,2804.00244140625
32534,2823.070068359375
32535,2582.009521484375
32536,2404.940185546875
32537,2401.489501953125
32538,2361.32470703125
32539,2533.24755859375
32540,2293.773193359375
32541,2410.029541015625
32542,2400.478515625
32639,1831.9200439453125
32544,1847.066650390625
32545,1865.15234375
32546,1881.7493896484375
32547,1683.740478515625
32548,1712.716552734375
32549,1743.33349609375
32550,1770.0694580078125
32551,846.5877685546875
32552,850.6444091796875
32553,895.9195556640625
32554,944.4122314453125
32555,850.0037841796875
32556,846.0001220703125
32557,837.4378662109375
32558,876.0596923828125
32559,851.8062744140625
32560,843.1043701171875
32561,833.9866943359375
32562,822.3836669921875
32563,846.7908935546875
32564,834.0667724609375
32565,819.9095458984375
32566,805.6185302734375
32567,830.3494873046875
32568,815.1492919921875
32569,800.1859130859375
32570,785.7437744140625
32571,810.9605712890625
32572,797.7401123046875
32573,786.5638427734375
32574,777.2735595703125
32575,1344.6959228515625
32576,6891.86962890625
32577,10931.705078125
32578,11077.75390625
32579,10266.2734375
32580,9887.279296875
32581,9765.244140625
32582,9685.94140625
32583,9739.1044921875
32584,9762.9697265625
32585,9739.12109375
32586,9730.30078125
32587,9257.302734375
32588,9269.375
32589,9256.9306640625
32590,9244.76171875
32591,9683.955078125
32592,2634.197021484375
32593,2594.80419921875
32594,2574.097900390625
32595,5647.37353515625
32596,9053.4033203125
32597,9073.4091796875
32598,9121.373046875
32599,9870.98828125
32600,9875.9599609375
32601,10008.6357421875
32602,10032.318359375
32603,10183.205078125
32604,10168.8447265625
32605,10184.732421875
32606,10183.1396484375
32607,10328.0556640625
32608,10329.4296875
32609,10334.443359375
32610,10333.6787109375
32611,9494.45703125
32612,9579.42578125
32613,9593.1865234375
32614,9396.7763671875
32615,9044.3564453125
32616,9065.7958984375
32617,9042.9599609375
32618,9030.4599609375
32619,9263.044921875
32620,9313.4921875
32621,9332.8017578125
32622,9342.5908203125
32623,9375.9638671875
32624,9333.1318359375
32625,9386.1142578125
32626,9377.359375
32627,5423.85498046875
32628,2982.274658203125
32629,2782.218505859375
32630,2794.970703125
32631,2514.98193359375
32632,2073.34765625
32633,2096.86181640625
32634,2040.4537353515625
32635,2227.902099609375
32636,2097.091552734375
32637,2205.2158203125
32638,2183.86962890625
32735,1429.5628662109375
32640,1408.3570556640625
32641,1779.1754150390625
32642,1800.1915283203125
32643,1641.648681640625
32644,1653.0347900390625
32645,1680.0709228515625
32646,1706.9267578125
32647,960.5479736328125
32648,964.8731689453125
32649,971.3431396484375
32650,991.4405517578125
32651,933.5081787109375
32652,913.3255615234375
32653,918.9554443359375
32654,938.3565673828125
32655,915.1861572265625
32656,896.7088623046875
32657,876.6368408203125
32658,883.5770263671875
32659,892.8875732421875
32660,876.5426025390625
32661,854.0892333984375
32662,828.9669189453125
32663,866.7440185546875
32664,846.4171142578125
32665,820.4910888671875
32666,805.7982177734375
32667,837.2083740234375
32668,817.7760009765625
32669,806.5836181640625
32670,797.2774658203125
32671,1808.40966796875
32672,6640.212890625
32673,10163.916015625
32674,10261.0322265625
32675,9995.92578125
32676,9902.20703125
32677,9821.595703125
32678,9783.6103515625
32679,9888.6083984375
32680,9847.279296875
32681,9846.6435546875
32682,9814.1669921875
32683,9361.9794921875
32684,9385.8818359375
32685,9387.2158203125
32686,9343.259765625
32687,9719.3671875
32688,2601.47607421875
32689,2554.559814453125
32690,2514.45556640625
32691,5592.638671875
32692,9044.7080078125
32693,9196.494140625
32694,9234.2734375
32695,10014.205078125
32696,10005.2578125
32697,10095.7470703125
32698,10120.125
32699,10273.998046875
32700,10260.724609375
32701,10272.21875
32702,10264.671875
32703,10414.009765625
32704,10394.568359375
32705,10394.7900390625
32706,10400.384765625
32707,9417.751953125
32708,9485.7744140625
32709,9486.357421875
32710,9300.9033203125
32711,8986.0625
32712,8971.32421875
32713,8936.751953125
32714,8920.3271484375
32715,9217.595703125
32716,9238.814453125
32717,9231.359375
32718,9230.03125
32719,9330.498046875
32720,9275.7470703125
32721,9295.5068359375
32722,9279.95703125
32723,5241.4453125
32724,2927.265869140625
32725,2798.84326171875
32726,2813.111083984375
32727,2523.390625
32728,2298.396240234375
32729,2285.529296875
32730,2382.697998046875
32731,2438.986328125
32732,2070.668701171875
32733,2217.002197265625
32734,2198.02734375
32831,1833.16162109375
32736,1848.92724609375
32737,1868.3984375
32738,1888.3028564453125
32739,1745.158203125
32740,1763.701416015625
32741,1784.7293701171875
32742,1809.49755859375
32743,955.6778564453125
32744,972.6558837890625
32745,990.6702880859375
32746,1019.2086181640625
32747,904.1048583984375
32748,928.0465087890625
32749,953.4456787109375
32750,979.6165771484375
32751,876.2032470703125
32752,899.9825439453125
32753,925.7801513671875
32754,951.2083740234375
32755,852.4420166015625
32756,869.4493408203125
32757,893.8402099609375
32758,917.9144287109375
32759,848.3406982421875
32760,843.1783447265625
32761,854.2935791015625
32762,876.4603271484375
32763,840.1324462890625
32764,834.5921630859375
32765,829.0989990234375
32766,853.6842041015625
32767,4247.357421875
32768,5290.1494140625
32769,6501.4365234375
32770,6759.36669921875
32771,5390.79833984375
32772,8200.5029296875
32773,8237.4326171875
32774,8241.2021484375
32775,8382.9609375
32776,8626.15234375
32777,8586.7236328125
32778,8514.2255859375
32779,8547.5341796875
32780,8589.7705078125
32781,8599.6416015625
32782,8569.1943359375
32783,7866.02294921875
32784,2436.674072265625
32785,2455.798828125
32786,2446.35986328125
32787,6323.0986328125
32788,6619.26611328125
32789,6977.27685546875
32790,6930.8427734375
32791,6922.47900390625
32792,7117.7158203125
32793,8747.09765625
32794,8738.7822265625
32795,8867.919921875
32796,8862.6357421875
32797,8860.4580078125
32798,8848.056640625
32799,8970.2763671875
32800,8966.06640625
32801,8962.890625
32802,8954.9521484375
32803,3170.931884765625
32804,2839.915283203125
32805,2802.996826171875
32806,2799.279541015625
32807,2448.059814453125
32808,2430.67236328125
32809,2345.65234375
32810,2508.519287109375
32811,2627.099853515625
32812,2636.57861328125
32813,2651.575927734375
32814,2621.327880859375
32815,2432.569091796875
32816,2484.76123046875
32817,2493.364013671875
32818,2503.43896484375
32819,2341.814453125
32820,2584.224853515625
32821,2518.52685546875
32822,2522.83935546875
32823,2265.9609375
32824,1962.1474609375
32825,1987.8304443359375
32826,1991.0439453125
32827,2179.809814453125
32828,2147.843994140625
32829,2155.13818359375
32830,2162.162841796875
32927,1889.1898193359375
32832,1893.722900390625
32833,1912.8935546875
32834,1929.6114501953125
32835,1840.6156005859375
32836,1866.676025390625
32837,1890.4805908203125
32838,1914.4427490234375
32839,1276.1583251953125
32840,1313.8504638671875
32841,1360.3187255859375
32842,1410.7093505859375
32843,1210.2330322265625
32844,1251.7486572265625
32845,1296.6466064453125
32846,1346.6915283203125
32847,1167.3140869140625
32848,1186.5975341796875
32849,1226.7176513671875
32850,1272.3499755859375
32851,1122.7000732421875
32852,1140.6561279296875
32853,1161.3660888671875
32854,1194.5831298828125
32855,1074.8438720703125
32856,1092.1571044921875
32857,1112.5465087890625
32858,1134.5660400390625
32859,1040.0455322265625
32860,1059.5206298828125
32861,1091.9058837890625
32862,1159.3297119140625
32863,3775.034912109375
32864,4135.423828125
32865,4936.7646484375
32866,4429.92626953125
32867,4060.12548828125
32868,3419.615966796875
32869,3428.69970703125
32870,3463.2841796875
32871,2171.58154296875
32872,2173.21630859375
32873,2143.93408203125
32874,2105.837646484375
32875,2155.017822265625
32876,1834.27001953125
32877,1768.6002197265625
32878,1787.5206298828125
32879,1903.9552001953125
32880,1926.540771484375
32881,2125.865234375
32882,2104.303466796875
32883,2195.98046875
32884,2200.209716796875
32885,2204.551025390625
32886,2205.208251953125
32887,2221.33154296875
32888,2226.40087890625
32889,2230.50927734375
32890,2234.487060546875
32891,2262.723388671875
32892,2266.9248046875
32893,2270.743896484375
32894,2274.670654296875
32895,2323.621826171875
32896,2287.572021484375
32897,2291.4208984375
32898,2335.330078125
32899,2295.16552734375
32900,2300.5595703125
32901,2301.011962890625
32902,2306.556884765625
32903,1976.2332763671875
32904,1816.248291015625
32905,1818.4461669921875
32906,1972.197021484375
32907,2284.141357421875
32908,2288.8115234375
32909,2293.541748046875
32910,2295.016845703125
32911,2282.91357421875
32912,2273.421630859375
32913,2272.331787109375
32914,2276.1416015625
32915,2260.967041015625
32916,2271.1865234375
32917,2280.577392578125
32918,2291.249755859375
32919,2006.3218994140625
32920,1738.8016357421875
32921,1907.129638671875
32922,1927.9246826171875
32923,2033.39599609375
32924,1999.5899658203125
32925,2009.20849609375
32926,2009.0518798828125
33023,1901.6131591796875
32928,1910.7894287109375
32929,1933.170654296875
32930,1957.99951171875
32931,1810.589599609375
32932,1836.629150390625
32933,1863.6822509765625
32934,1887.77978515625
32935,899.6231689453125
32936,943.7550048828125
32937,985.3309326171875
32938,1028.4779052734375
32939,866.9561767578125
32940,883.7730712890625
32941,922.4691162109375
32942,967.4053955078125
32943,836.5318603515625
32944,848.9227294921875
32945,868.0123291015625
32946,906.6453857421875
32947,827.9932861328125
32948,823.4591064453125
32949,823.4288330078125
32950,842.5545654296875
32951,811.2664794921875
32952,803.5953369140625
32953,796.5059814453125
32954,789.6221923828125
32955,794.7867431640625
32956,789.3011474609375
32957,785.2901611328125
32958,772.1270751953125
32959,1860.677734375
32960,6168.01611328125
32961,10297.9677734375
32962,10417.984375
32963,10107.4873046875
32964,9949.2646484375
32965,9847.1201171875
32966,9816.8720703125
32967,9858.3525390625
32968,9992.1943359375
32969,9983.947265625
32970,9977.18359375
32971,9357.55078125
32972,9375.29296875
32973,9380.369140625
32974,9395.2060546875
32975,9901.142578125
32976,2552.65234375
32977,2559.79052734375
32978,2544.748046875
32979,5845.8564453125
32980,8977.287109375
32981,9257.337890625
32982,9217.384765625
32983,9968.181640625
32984,9974.333984375
32985,10145.9462890625
32986,10168.3076171875
32987,10298.5283203125
32988,10300.90234375
32989,10320.578125
32990,10319.142578125
32991,10460.884765625
32992,10458.1220703125
32993,10470.3388671875
32994,10469.68359375
32995,9444.353515625
32996,9572.666015625
32997,9573.38671875
32998,9344.82421875
32999,8991.404296875
33000,9013.091796875
33001,8990.4638671875
33002,8980.87109375
33003,9220.75
33004,9261.8115234375
33005,9281.2294921875
33006,9294.9873046875
33007,9333.685546875
33008,9281.533203125
33009,9334.62109375
33010,9329.509765625
33011,5593.958984375
33012,3073.364990234375
33013,2884.15576171875
33014,2907.819091796875
33015,2697.15087890625
33016,2677.17529296875
33017,2682.419921875
33018,2650.66650390625
33019,2870.87158203125
33020,2134.701171875
33021,2268.669677734375
33022,2259.85986328125
33119,2140.36181640625
33024,2046.7781982421875
33025,2067.753662109375
33026,2090.03662109375
33027,1850.2265625
33028,1842.0498046875
33029,1867.9044189453125
33030,1888.6639404296875
33031,878.1947021484375
33032,897.3358154296875
33033,916.1019287109375
33034,926.2147216796875
33035,835.2576904296875
33036,832.4444580078125
33037,845.7928466796875
33038,861.5074462890625
33039,805.7762451171875
33040,800.5601806640625
33041,801.6287841796875
33042,805.1561279296875
33043,802.1224365234375
33044,792.0113525390625
33045,789.1815185546875
33046,788.4947509765625
33047,792.0347900390625
33048,777.3536376953125
33049,765.7957763671875
33050,763.4237060546875
33051,773.7645263671875
33052,760.4134521484375
33053,749.1583251953125
33054,749.2891845703125
33055,1475.4329833984375
33056,6622.19677734375
33057,10465.4619140625
33058,10582.2822265625
33059,10239.947265625
33060,9766.4833984375
33061,9647.544921875
33062,9597.1455078125
33063,9657.818359375
33064,9800.3798828125
33065,9789.5361328125
33066,9784.912109375
33067,9172.9287109375
33068,9202.375
33069,9205.11328125
33070,9222.1171875
33071,9847.30078125
33072,2609.81298828125
33073,2599.037353515625
33074,2568.14794921875
33075,5716.619140625
33076,9072.783203125
33077,9179.2119140625
33078,9051.7578125
33079,9859.1611328125
33080,9867.208984375
33081,9977.7861328125
33082,9987.2958984375
33083,10135.0732421875
33084,10135.0830078125
33085,10139.6748046875
33086,10138.10546875
33087,10289.8828125
33088,10289.78515625
33089,10289.4306640625
33090,10288.6396484375
33091,9460.158203125
33092,9548.1015625
33093,9561.8232421875
33094,9388.6025390625
33095,9082.1416015625
33096,9067.5302734375
33097,9033.1337890625
33098,9015.6455078125
33099,9314.318359375
33100,9335.9228515625
33101,9328.67578125
33102,9319.109375
33103,9427.2001953125
33104,9372.421875
33105,9392.3095703125
33106,9374.994140625
33107,5535.9541015625
33108,3033.53076171875
33109,2863.285400390625
33110,2866.29052734375
33111,2765.3720703125
33112,3334.641357421875
33113,3315.274169921875
33114,3283.118896484375
33115,3531.252197265625
33116,3111.636962890625
33117,3153.7255859375
33118,3135.837890625
33215,2078.34619140625
33120,2076.1845703125
33121,2075.10302734375
33122,2078.234375
33123,1792.2113037109375
33124,1800.3133544921875
33125,1821.034423828125
33126,1841.5126953125
33127,841.6556396484375
33128,838.6146240234375
33129,835.7889404296875
33130,828.6846923828125
33131,803.7789306640625
33132,795.7132568359375
33133,796.3509521484375
33134,797.7298583984375
33135,797.6370849609375
33136,788.8135986328125
33137,788.1114501953125
33138,788.7633056640625
33139,792.6910400390625
33140,782.5748291015625
33141,774.1121826171875
33142,771.8800048828125
33143,780.6043701171875
33144,765.2659912109375
33145,750.2088623046875
33146,746.4691162109375
33147,761.6973876953125
33148,748.3660888671875
33149,737.1236572265625
33150,732.3680419921875
33151,1328.5377197265625
33152,6719.42138671875
33153,10883.4111328125
33154,11015.4013671875
33155,10191.6845703125
33156,9737.369140625
33157,9607.5107421875
33158,9572.0380859375
33159,9620.6484375
33160,9715.5927734375
33161,9704.8662109375
33162,9682.0595703125
33163,9129.7978515625
33164,9155.26171875
33165,9155.94140625
33166,9150.744140625
33167,9606.3759765625
33168,2588.983642578125
33169,2564.062255859375
33170,2553.09033203125
33171,5680.4970703125
33172,9044.025390625
33173,9063.5966796875
33174,8971.9375
33175,9780.9833984375
33176,9780.7001953125
33177,9908.1650390625
33178,9941.2685546875
33179,10065.462890625
33180,10065.4736328125
33181,10097.8115234375
33182,10096.244140625
33183,10227.80859375
33184,10228.279296875
33185,10233.96484375
33186,10239.5830078125
33187,9474.6552734375
33188,9476.3486328125
33189,9490.162109375
33190,9389.2275390625
33191,9078.31640625
33192,9064.9580078125
33193,9031.2978515625
33194,9013.697265625
33195,9313.9296875
33196,9336.185546875
33197,9329.330078125
33198,9323.8916015625
33199,9426.865234375
33200,9372.9072265625
33201,9393.1767578125
33202,9375.5341796875
33203,5156.55126953125
33204,2992.330810546875
33205,2759.49560546875
33206,2784.064453125
33207,2489.729248046875
33208,2087.823486328125
33209,2091.579345703125
33210,2033.1195068359375
33211,2213.61767578125
33212,2289.522216796875
33213,2404.56201171875
33214,2395.643798828125
33311,2099.459228515625
33216,2098.67529296875
33217,2114.359619140625
33218,2133.942138671875
33219,1794.3387451171875
33220,1821.2364501953125
33221,1848.4371337890625
33222,1871.6185302734375
33223,824.3851318359375
33224,846.8553466796875
33225,888.5513916015625
33226,935.8070068359375
33227,827.0401611328125
33228,819.5316162109375
33229,819.4654541015625
33230,864.1739501953125
33231,825.1954345703125
33232,816.4986572265625
33233,807.3861083984375
33234,803.3436279296875
33235,820.1993408203125
33236,807.2772216796875
33237,793.1241455078125
33238,778.8358154296875
33239,803.5689697265625
33240,788.3702392578125
33241,773.4080810546875
33242,758.9666748046875
33243,784.1844482421875
33244,770.9654541015625
33245,759.7928466796875
33246,752.4918212890625
33247,1227.9874267578125
33248,6759.005859375
33249,10828.419921875
33250,10975.5537109375
33251,10242.529296875
33252,9862.2275390625
33253,9724.1201171875
33254,9685.189453125
33255,9747.1748046875
33256,9776.0810546875
33257,9763.8984375
33258,9737.55078125
33259,9245.78515625
33260,9273.1005859375
33261,9263.5546875
33262,9247.5107421875
33263,9684.623046875
33264,2615.48291015625
33265,2594.57275390625
33266,2560.877685546875
33267,5667.845703125
33268,8998.234375
33269,9071.9453125
33270,9102.892578125
33271,9854.1298828125
33272,9858.298828125
33273,10006.201171875
33274,10039.2724609375
33275,10166.1455078125
33276,10164.2119140625
33277,10197.078125
33278,10201.88671875
33279,10326.46875
33280,10327.0205078125
33281,10332.005859375
33282,10337.58984375
33283,9568.4453125
33284,9576.794921875
33285,9590.5625
33286,9447.185546875
33287,9094.90625
33288,9116.4296875
33289,9093.6494140625
33290,9082.1953125
33291,9309.5166015625
33292,9364.37890625
33293,9383.7060546875
33294,9394.923828125
33295,9425.9765625
33296,9384.0390625
33297,9437.0380859375
33298,9429.619140625
33299,5304.04248046875
33300,2985.197509765625
33301,2782.27392578125
33302,2789.764404296875
33303,2520.6220703125
33304,2063.611083984375
33305,2091.798095703125
33306,2037.8394775390625
33307,2223.48046875
33308,2322.25244140625
33309,2436.65185546875
33310,2418.103271484375
33407,1998.9854736328125
33312,2016.684814453125
33313,2036.3896484375
33314,2057.142822265625
33315,1825.66357421875
33316,1849.133056640625
33317,1872.4720458984375
33318,1893.1903076171875
33319,897.1568603515625
33320,905.6453857421875
33321,920.9737548828125
33322,938.4461669921875
33323,863.5262451171875
33324,851.2503662109375
33325,862.8814697265625
33326,895.3162841796875
33327,847.4791259765625
33328,831.1756591796875
33329,825.7991943359375
33330,854.4034423828125
33331,834.8765869140625
33332,824.8790283203125
33333,813.1817626953125
33334,804.4586181640625
33335,823.6292724609375
33336,808.4273681640625
33337,793.4647216796875
33338,779.0220947265625
33339,804.2415771484375
33340,791.0155029296875
33341,779.8360595703125
33342,770.5435791015625
33343,1653.8348388671875
33344,6558.6884765625
33345,10054.21484375
33346,10156.845703125
33347,9938.517578125
33348,9871.876953125
33349,9792.66015625
33350,9764.1044921875
33351,9890.5048828125
33352,9838.478515625
33353,9835.9951171875
33354,9805.0654296875
33355,9344.2373046875
33356,9368.0283203125
33357,9369.318359375
33358,9325.3525390625
33359,9653.2958984375
33360,2591.3798828125
33361,2541.06103515625
33362,2497.14697265625
33363,5612.8046875
33364,8995.5986328125
33365,9164.013671875
33366,9215.720703125
33367,9972.291015625
33368,9965.3369140625
33369,10077.841796875
33370,10102.2197265625
33371,10256.8955078125
33372,10242.853515625
33373,10257.41015625
33374,10262.2265625
33375,10396.9130859375
33376,10387.3125
33377,10392.353515625
33378,10397.9404296875
33379,9453.234375
33380,9528.4560546875
33381,9528.9794921875
33382,9296.39453125
33383,9007.158203125
33384,8999.6943359375
33385,8975.9052734375
33386,8967.4638671875
33387,7657.7197265625
33388,7667.96923828125
33389,7685.76416015625
33390,7625.90478515625
33391,7743.349609375
33392,9294.376953125
33393,9316.2265625
33394,9311.4892578125
33395,5136.10986328125
33396,2905.7861328125
33397,2789.74462890625
33398,2806.71826171875
33399,2543.35986328125
33400,2320.47265625
33401,2239.04541015625
33402,2353.112548828125
33403,2449.355712890625
33404,2345.20654296875
33405,2242.9365234375
33406,2222.169921875
33503,1929.9093017578125
33408,1934.5146484375
33409,1943.114501953125
33410,1950.1387939453125
33411,1794.4000244140625
33412,1806.3695068359375
33413,1824.1405029296875
33414,1840.574462890625
33415,1199.8900146484375
33416,1205.2813720703125
33417,1216.2576904296875
33418,1222.3157958984375
33419,892.8416748046875
33420,916.7720947265625
33421,940.3509521484375
33422,966.5189208984375
33423,863.1878662109375
33424,886.8812255859375
33425,912.6788330078125
33426,938.1063232421875
33427,833.9510498046875
33428,856.3458251953125
33429,880.7366943359375
33430,904.8104248046875
33431,827.6202392578125
33432,820.7132568359375
33433,842.1566162109375
33434,864.3267822265625
33435,819.3951416015625
33436,812.1614990234375
33437,809.5433349609375
33438,840.5704345703125
33439,3886.319091796875
33440,5011.15673828125
33441,6035.9462890625
33442,6231.95166015625
33443,5014.201171875
33444,3424.95458984375
33445,3364.662109375
33446,3361.977783203125
33447,2431.714111328125
33448,2381.4228515625
33449,2374.856689453125
33450,2348.211669921875
33451,2454.338134765625
33452,2228.0244140625
33453,2179.975830078125
33454,2189.5654296875
33455,2183.6484375
33456,2154.803466796875
33457,2390.546630859375
33458,2392.113037109375
33459,2567.252197265625
33460,2573.10986328125
33461,2578.460693359375
33462,2583.50927734375
33463,2583.023193359375
33464,2587.859619140625
33465,2593.2880859375
33466,2599.671630859375
33467,2614.92236328125
33468,2620.34228515625
33469,2624.456298828125
33470,2629.063232421875
33471,2629.725341796875
33472,2631.564453125
33473,2633.56689453125
33474,2634.732177734375
33475,2452.097412109375
33476,2457.795166015625
33477,2463.720458984375
33478,2481.32568359375
33479,2073.650390625
33480,1894.82373046875
33481,1888.0889892578125
33482,2258.10888671875
33483,2460.340576171875
33484,2461.320556640625
33485,2460.78369140625
33486,2458.42724609375
33487,2430.09521484375
33488,2434.439208984375
33489,2442.391357421875
33490,2450.74462890625
33491,2437.401611328125
33492,2452.50244140625
33493,2465.68505859375
33494,2478.24169921875
33495,2260.4560546875
33496,1792.7056884765625
33497,1766.754150390625
33498,1755.1884765625
33499,2238.4619140625
33500,2216.409423828125
33501,2213.24072265625
33502,2212.86279296875
33599,1541.4061279296875
33504,1558.4521484375
33505,1587.9747314453125
33506,1621.3494873046875
33507,1423.3975830078125
33508,1454.2052001953125
33509,1486.9483642578125
33510,1521.3438720703125
33511,1210.0394287109375
33512,1227.9464111328125
33513,1248.3201904296875
33514,1270.4783935546875
33515,1196.3599853515625
33516,1237.8939208984375
33517,1283.9522705078125
33518,1334.1544189453125
33519,1152.8194580078125
33520,1171.7264404296875
33521,1212.3182373046875
33522,1260.2374267578125
33523,1107.8707275390625
33524,1125.8314208984375
33525,1146.5443115234375
33526,1182.4927978515625
33527,1060.0269775390625
33528,1077.3404541015625
33529,1097.7298583984375
33530,1119.7486572265625
33531,1025.2188720703125
33532,1044.6932373046875
33533,1083.7537841796875
33534,1151.1622314453125
33535,3885.436279296875
33536,4352.37158203125
33537,5160.8876953125
33538,4436.5673828125
33539,4155.5986328125
33540,7971.712890625
33541,8049.66943359375
33542,8129.3896484375
33543,8357.1875
33544,8270.69140625
33545,8218.4599609375
33546,8381.482421875
33547,8400.0146484375
33548,8433.7802734375
33549,8458.607421875
33550,8473.7734375
33551,5865.53857421875
33552,2414.209228515625
33553,2485.822509765625
33554,2478.25048828125
33555,6372.828125
33556,7733.49267578125
33557,7851.78955078125
33558,7948.94140625
33559,6812.3525390625
33560,6792.7001953125
33561,6790.74755859375
33562,6784.861328125
33563,6851.0244140625
33564,6860.60595703125
33565,6868.111328125
33566,6874.96435546875
33567,6824.79638671875
33568,6830.603515625
33569,6839.07568359375
33570,6849.0732421875
33571,2741.19921875
33572,2834.416259765625
33573,2820.1298828125
33574,2888.572998046875
33575,2778.170654296875
33576,2768.13623046875
33577,2752.070556640625
33578,2734.605712890625
33579,2735.135498046875
33580,2730.759765625
33581,2746.638671875
33582,2782.5400390625
33583,2819.239013671875
33584,2706.830078125
33585,2672.833251953125
33586,2683.55224609375
33587,2897.70458984375
33588,3029.438232421875
33589,2902.479248046875
33590,2866.056884765625
33591,2308.435302734375
33592,2163.35107421875
33593,2060.923828125
33594,2058.5205078125
33595,2214.248046875
33596,1785.2880859375
33597,1808.3580322265625
33598,1821.96630859375
33695,1798.51220703125
33600,1796.5565185546875
33601,1818.54052734375
33602,1848.5869140625
33603,1667.1328125
33604,1682.8681640625
33605,1704.6689453125
33606,1728.772216796875
33607,895.1773681640625
33608,906.6151123046875
33609,917.6868896484375
33610,929.8265380859375
33611,845.5162353515625
33612,866.9071044921875
33613,912.6873779296875
33614,962.4141845703125
33615,814.4190673828125
33616,827.2352294921875
33617,847.8258056640625
33618,897.1959228515625
33619,805.7911376953125
33620,800.7930908203125
33621,802.8883056640625
33622,822.8055419921875
33623,788.5797119140625
33624,780.9080810546875
33625,770.8983154296875
33626,767.6507568359375
33627,772.1209716796875
33628,766.6556396484375
33629,757.5997314453125
33630,752.7105712890625
33631,1700.78466796875
33632,6106.15283203125
33633,10179.009765625
33634,10299.515625
33635,10107.203125
33636,9923.310546875
33637,9823.208984375
33638,9810.552734375
33639,9880.9853515625
33640,9988.5712890625
33641,10004.9638671875
33642,9988.4541015625
33643,9358.7578125
33644,9406.7724609375
33645,9416.984375
33646,9410.1201171875
33647,9867.806640625
33648,2554.221435546875
33649,2541.65625
33650,2524.065185546875
33651,5872.2880859375
33652,8928.80859375
33653,9261.5947265625
33654,9209.7255859375
33655,9949.8857421875
33656,9962.78515625
33657,10143.4853515625
33658,10176.7294921875
33659,10296.0703125
33660,10298.4462890625
33661,10334.3896484375
33662,10339.36328125
33663,10458.4296875
33664,10461.2568359375
33665,10469.3173828125
33666,10475.0712890625
33667,9508.31640625
33668,9611.7529296875
33669,9612.3916015625
33670,9392.001953125
33671,9036.931640625
33672,9057.6982421875
33673,9034.4892578125
33674,9025.5849609375
33675,9249.73046875
33676,9304.1005859375
33677,9323.171875
33678,9337.9169921875
33679,9366.1708984375
33680,9323.6494140625
33681,9376.39453125
33682,9372.6513671875
33683,5345.95703125
33684,3044.8505859375
33685,2883.34814453125
33686,2896.4189453125
33687,2677.94677734375
33688,2641.138671875
33689,2624.135498046875
33690,2603.07666015625
33691,2777.11181640625
33692,2017.3792724609375
33693,2136.8994140625
33694,2111.67724609375
33791,2199.103271484375
33696,2131.162841796875
33697,2143.487060546875
33698,2171.379638671875
33699,1923.58935546875
33700,1895.859375
33701,1920.72998046875
33702,1939.119384765625
33703,1033.7266845703125
33704,1006.4901123046875
33705,991.5406494140625
33706,961.3148193359375
33707,797.8082275390625
33708,796.4949951171875
33709,808.3265380859375
33710,823.8497314453125
33711,779.6690673828125
33712,777.3455810546875
33713,778.4151611328125
33714,781.6063232421875
33715,774.7764892578125
33716,766.3223876953125
33717,765.9700927734375
33718,765.2838134765625
33719,764.6898193359375
33720,749.5533447265625
33721,742.8641357421875
33722,740.4932861328125
33723,745.9534912109375
33724,732.6160888671875
33725,723.6671142578125
33726,726.3587646484375
33727,1338.1400146484375
33728,6482.794921875
33729,9918.107421875
33730,10022.44140625
33731,10177.193359375
33732,9714.11328125
33733,9614.66796875
33734,9612.5625
33735,9686.1689453125
33736,9794.7763671875
33737,9823.1787109375
33738,9803.9248046875
33739,9185.8623046875
33740,9225.521484375
33741,9228.041015625
33742,9241.501953125
33743,9758.5205078125
33744,2627.359130859375
33745,2576.21240234375
33746,2550.782958984375
33747,5747.73046875
33748,9022.8671875
33749,9154.3408203125
33750,9034.61328125
33751,9816.3173828125
33752,9835.9296875
33753,9975.2861328125
33754,10007.826171875
33755,10131.716796875
33756,10132.5830078125
33757,10160.2138671875
33758,10158.654296875
33759,10294.068359375
33760,10295.3896484375
33761,10301.103515625
33762,10306.7294921875
33763,9390.255859375
33764,9445.369140625
33765,9459.9833984375
33766,9283.568359375
33767,8974.9931640625
33768,8955.44140625
33769,8914.0126953125
33770,8899.6728515625
33771,9201.1865234375
33772,9219.3984375
33773,9209.5283203125
33774,9205.0048828125
33775,9312.771484375
33776,9259.9453125
33777,9278.0693359375
33778,9267.5546875
33779,5301.85107421875
33780,3464.531005859375
33781,3207.072998046875
33782,3163.57080078125
33783,3062.66015625
33784,3908.572021484375
33785,3663.121337890625
33786,3562.529052734375
33787,3798.73681640625
33788,2791.10595703125
33789,2878.14208984375
33790,2882.444580078125
33887,2216.981201171875
33792,2225.11962890625
33793,2242.621826171875
33794,2253.03076171875
33795,1807.677734375
33796,1825.5435791015625
33797,1853.4906005859375
33798,1869.3404541015625
33799,957.0379638671875
33800,942.3673095703125
33801,929.6732177734375
33802,911.1031494140625
33803,773.7401123046875
33804,773.1812744140625
33805,773.4412841796875
33806,774.7911376953125
33807,770.6209716796875
33808,764.0726318359375
33809,765.1099853515625
33810,765.7447509765625
33811,765.6060791015625
33812,755.4874267578125
33813,751.2435302734375
33814,749.0050048828125
33815,752.9232177734375
33816,737.5985107421875
33817,725.9630126953125
33818,723.6090087890625
33819,734.0494384765625
33820,720.7606201171875
33821,709.5555419921875
33822,709.6265869140625
33823,1189.3397216796875
33824,6589.970703125
33825,10261.8583984375
33826,10373.646484375
33827,10134.919921875
33828,9685.3486328125
33829,9572.1044921875
33830,9567.494140625
33831,9633.9072265625
33832,9694.755859375
33833,9716.580078125
33834,9689.3720703125
33835,9115.7529296875
33836,9154.0234375
33837,9167.20703125
33838,9150.4599609375
33839,9518.0888671875
33840,2629.940673828125
33841,2564.007080078125
33842,2549.126953125
33843,5709.068359375
33844,8979.5205078125
33845,9039.1455078125
33846,8961.3828125
33847,9738.255859375
33848,9745.080078125
33849,9905.6630859375
33850,9938.7900390625
33851,10062.1064453125
33852,10062.9736328125
33853,10096.5712890625
33854,10101.4228515625
33855,10224.4638671875
33856,10225.7861328125
33857,10231.501953125
33858,10237.1298828125
33859,9403.341796875
33860,9376.96484375
33861,9391.5498046875
33862,9233.6494140625
33863,8969.2529296875
33864,8949.6318359375
33865,8911.109375
33866,8902.599609375
33867,9195.15234375
33868,9213.1142578125
33869,9203.119140625
33870,9215.474609375
33871,9306.7509765625
33872,9253.6025390625
33873,9271.5947265625
33874,9261.77734375
33875,5116.90478515625
33876,3493.89453125
33877,3191.74267578125
33878,3153.07373046875
33879,2744.00537109375
33880,2784.860595703125
33881,2872.507568359375
33882,2826.185302734375
33883,3010.226318359375
33884,2456.00390625
33885,2585.0537109375
33886,2561.695556640625
33983,1865.4219970703125
33888,1872.416015625
33889,1891.9837646484375
33890,1907.7164306640625
33891,1608.798828125
33892,1628.09375
33893,1651.3231201171875
33894,1667.4200439453125
33895,1163.5369873046875
33896,1179.8948974609375
33897,1195.7740478515625
33898,1211.1717529296875
33899,1111.7825927734375
33900,1128.9874267578125
33901,1148.8868408203125
33902,1166.6099853515625
33903,1064.8724365234375
33904,1079.4471435546875
33905,1095.7965087890625
33906,1112.8167724609375
33907,1007.2213134765625
33908,1029.9100341796875
33909,1055.2977294921875
33910,1081.1036376953125
33911,968.3128662109375
33912,990.4361572265625
33913,1015.6070556640625
33914,1041.7606201171875
33915,938.4976806640625
33916,963.1658935546875
33917,998.2725830078125
33918,1058.6226806640625
33919,1128.9158935546875
33920,6630.7841796875
33921,10301.923828125
33922,10420.34765625
33923,10199.40625
33924,9766.056640625
33925,9631.248046875
33926,9673.359375
33927,9758.69921875
33928,9755.6025390625
33929,9770.8935546875
33930,9744.642578125
33931,9222.990234375
33932,9252.55859375
33933,9265.25
33934,9238.94921875
33935,9542.4736328125
33936,2651.961181640625
33937,2590.746337890625
33938,2553.306884765625
33939,5629.1083984375
33940,8939.22265625
33941,9063.177734375
33942,9084.0419921875
33943,9833.556640625
33944,9839.486328125
33945,10003.6904296875
33946,10036.791015625
33947,10159.7919921875
33948,10161.66796875
33949,10194.5966796875
33950,10199.421875
33951,10322.1494140625
33952,10324.4814453125
33953,10329.5283203125
33954,10335.12890625
33955,9501.111328125
33956,9481.958984375
33957,9496.423828125
33958,9282.0205078125
33959,8998.998046875
33960,9013.2568359375
33961,8980.197265625
33962,8974.1943359375
33963,9199.1982421875
33964,9249.037109375
33965,9264.6005859375
33966,9285.2373046875
33967,9314.052734375
33968,9272.0947265625
33969,9322.421875
33970,9327.08984375
33971,5261.53173828125
33972,3612.974853515625
33973,3254.6474609375
33974,3200.60986328125
33975,2589.6123046875
33976,2160.4033203125
33977,2202.673095703125
33978,2164.302734375
33979,2397.091064453125
33980,2121.999267578125
33981,2261.38427734375
33982,2240.137939453125
34079,1828.78125
33984,1809.8441162109375
33985,1803.08935546875
33986,1800.6280517578125
33987,1687.48291015625
33988,1682.84814453125
33989,1681.34375
33990,1681.974609375
33991,1313.3878173828125
33992,1317.2506103515625
33993,1326.6890869140625
33994,1332.7869873046875
33995,1255.8948974609375
33996,1260.5670166015625
33997,1269.2003173828125
33998,1278.0450439453125
33999,1198.6968994140625
34000,1204.7208251953125
34001,1214.3560791015625
34002,1224.3629150390625
34003,1123.1966552734375
34004,1127.8155517578125
34005,1133.2296142578125
34006,1148.0628662109375
34007,1040.5877685546875
34008,1040.0933837890625
34009,1048.2362060546875
34010,1069.6475830078125
34011,991.0413818359375
34012,996.8004150390625
34013,1015.7918701171875
34014,1058.7630615234375
34015,1471.7276611328125
34016,6475.115234375
34017,9703.560546875
34018,9802.466796875
34019,9918.56640625
34020,9829.0078125
34021,9763.177734375
34022,9748.974609375
34023,9863.59765625
34024,9822.5859375
34025,9828.9609375
34026,9798.544921875
34027,9320.8837890625
34028,9343.9521484375
34029,9345.0107421875
34030,9303.2265625
34031,9530.3212890625
34032,2626.917236328125
34033,2555.21826171875
34034,2517.56640625
34035,5623.4638671875
34036,8938.8955078125
34037,9130.5810546875
34038,9196.8994140625
34039,9936.060546875
34040,9935.4931640625
34041,10063.9638671875
34042,10097.08984375
34043,10237.244140625
34044,10224.873046875
34045,10254.9306640625
34046,10259.763671875
34047,10381.451171875
34048,10384.7744140625
34049,10389.875
34050,10395.478515625
34051,9374.626953125
34052,9440.9873046875
34053,9439.33203125
34054,9167.9541015625
34055,8902.2744140625
34056,8903.7275390625
34057,8870.3232421875
34058,8865.4443359375
34059,9122.943359375
34060,9139.3369140625
34061,9153.3505859375
34062,9175.693359375
34063,9234.482421875
34064,9179.556640625
34065,9211.7724609375
34066,9173.8330078125
34067,5153.92578125
34068,3530.270751953125
34069,3363.308837890625
34070,3350.87353515625
34071,2989.209716796875
34072,3288.696044921875
34073,3257.592529296875
34074,3328.880126953125
34075,3467.5693359375
34076,2265.707763671875
34077,2380.0419921875
34078,2370.931396484375
34175,1898.2620849609375
34080,1907.743896484375
34081,1921.586181640625
34082,1929.6107177734375
34083,1738.623779296875
34084,1760.7794189453125
34085,1786.278076171875
34086,1805.985107421875
34087,1502.5650634765625
34088,1511.4085693359375
34089,1525.1444091796875
34090,1533.1649169921875
34091,1455.4979248046875
34092,1465.2186279296875
34093,1473.9044189453125
34094,1481.7965087890625
34095,1409.9669189453125
34096,1415.1422119140625
34097,1423.7677001953125
34098,1432.0953369140625
34099,1359.4339599609375
34100,1362.5228271484375
34101,1368.9224853515625
34102,1375.3468017578125
34103,1281.7489013671875
34104,1282.9613037109375
34105,1289.0887451171875
34106,1295.9361572265625
34107,1228.0389404296875
34108,1238.1944580078125
34109,1255.6400146484375
34110,1301.3084716796875
34111,3130.76123046875
34112,3624.547607421875
34113,4386.32470703125
34114,4440.4814453125
34115,4473.83154296875
34116,2973.568359375
34117,2812.58203125
34118,2780.1513671875
34119,2381.59716796875
34120,2271.859375
34121,2278.79638671875
34122,2269.44677734375
34123,2387.866943359375
34124,2166.6787109375
34125,2119.486328125
34126,2135.469482421875
34127,2141.762939453125
34128,2298.72998046875
34129,2375.444580078125
34130,2378.301513671875
34131,2497.760498046875
34132,2506.57958984375
34133,2514.267578125
34134,2521.638427734375
34135,2520.77978515625
34136,2526.596923828125
34137,2531.767578125
34138,2537.977294921875
34139,2554.900146484375
34140,2560.279052734375
34141,2565.17236328125
34142,2569.86376953125
34143,2643.6181640625
34144,2642.106689453125
34145,2637.465576171875
34146,2622.250244140625
34147,2441.411376953125
34148,2446.6494140625
34149,2449.55078125
34150,2465.6015625
34151,2053.508056640625
34152,1875.8482666015625
34153,1869.9307861328125
34154,2249.699951171875
34155,2449.942626953125
34156,2450.044921875
34157,2452.534912109375
34158,2448.562255859375
34159,2421.382568359375
34160,2421.682373046875
34161,2428.67578125
34162,2437.228759765625
34163,2427.139892578125
34164,2440.669921875
34165,2448.566162109375
34166,2458.067138671875
34167,2242.205810546875
34168,1493.2386474609375
34169,1751.7861328125
34170,1742.1185302734375
34171,2226.940673828125
34172,2206.26513671875
34173,2201.42236328125
34174,2199.23876953125
34271,1545.3397216796875
34176,1560.7545166015625
34177,1592.3834228515625
34178,1625.3304443359375
34179,1448.6595458984375
34180,1479.2474365234375
34181,1512.0291748046875
34182,1550.9251708984375
34183,1346.8165283203125
34184,1364.6707763671875
34185,1386.4967041015625
34186,1429.1282958984375
34187,1326.9061279296875
34188,1344.9617919921875
34189,1365.5946044921875
34190,1388.4334716796875
34191,1307.9537353515625
34192,1326.2244873046875
34193,1347.2938232421875
34194,1370.3839111328125
34195,1290.1890869140625
34196,1308.9420166015625
34197,1330.6314697265625
34198,1354.4530029296875
34199,1260.4818115234375
34200,1279.9918212890625
34201,1302.7886962890625
34202,1327.7032470703125
34203,1242.5753173828125
34204,1264.2325439453125
34205,1291.1749267578125
34206,1337.0147705078125
34207,2843.70068359375
34208,2898.314453125
34209,3291.777587890625
34210,2986.289794921875
34211,2946.840576171875
34212,2812.3017578125
34213,2820.25244140625
34214,2826.7958984375
34215,2119.90771484375
34216,2006.45458984375
34217,1997.498779296875
34218,1984.182861328125
34219,2139.76318359375
34220,1794.0584716796875
34221,1741.3447265625
34222,1769.1016845703125
34223,1839.771728515625
34224,2011.301513671875
34225,2123.84521484375
34226,2114.638427734375
34227,2204.726806640625
34228,2205.153564453125
34229,2210.290771484375
34230,2215.5
34231,2240.046630859375
34232,2244.671630859375
34233,2243.96533203125
34234,2241.164306640625
34235,2288.7802734375
34236,2286.07421875
34237,2285.2275390625
34238,2285.320556640625
34239,2610.94921875
34240,2595.85498046875
34241,2595.009521484375
34242,2604.6484375
34243,2292.9208984375
34244,2296.329833984375
34245,2296.462158203125
34246,2299.706787109375
34247,1967.1846923828125
34248,1814.709228515625
34249,1803.1983642578125
34250,1945.0234375
34251,2260.52392578125
34252,2265.75732421875
34253,2281.327392578125
34254,2289.69482421875
34255,2262.309814453125
34256,2249.020263671875
34257,2243.910400390625
34258,2245.317138671875
34259,2237.57177734375
34260,2233.477294921875
34261,2242.914794921875
34262,2253.458251953125
34263,1971.1248779296875
34264,1466.0648193359375
34265,1751.4541015625
34266,1788.215576171875
34267,1902.49365234375
34268,1866.3643798828125
34269,1898.8302001953125
34270,1926.75341796875
34367,1786.1324462890625
34272,1785.4769287109375
34273,1808.7755126953125
34274,1838.9893798828125
34275,1660.6300048828125
34276,1681.7049560546875
34277,1709.1014404296875
34278,1736.4927978515625
34279,1176.6505126953125
34280,1193.4498291015625
34281,1223.5015869140625
34282,1253.3331298828125
34283,1119.8028564453125
34284,1122.5706787109375
34285,1132.8177490234375
34286,1168.5181884765625
34287,1060.8245849609375
34288,1062.3385009765625
34289,1068.2086181640625
34290,1081.3382568359375
34291,989.0399169921875
34292,994.2816162109375
34293,1007.8892822265625
34294,1032.4864501953125
34295,939.2706298828125
34296,946.8157958984375
34297,966.0076904296875
34298,993.2747802734375
34299,930.7957763671875
34300,940.4801025390625
34301,957.3179931640625
34302,1008.7952880859375
34303,1530.986328125
34304,6025.60888671875
34305,9910.0302734375
34306,10024.2412109375
34307,10081.3798828125
34308,9876.94921875
34309,9790.7236328125
34310,9786.203125
34311,9901.8740234375
34312,9959.5390625
34313,9997.912109375
34314,9981.455078125
34315,9360.2412109375
34316,9405.4111328125
34317,9425.2001953125
34318,9406.7958984375
34319,9714.046875
34320,2571.251953125
34321,2565.139892578125
34322,2543.018310546875
34323,5836.2734375
34324,8846.4228515625
34325,9255.62890625
34326,9199.6328125
34327,9922.8212890625
34328,9949.669921875
34329,10132.0322265625
34330,10165.37109375
34331,10283.8896484375
34332,10285.50390625
34333,10323.0078125
34334,10328.0537109375
34335,10446.283203125
34336,10448.337890625
34337,10457.94921875
34338,10463.771484375
34339,9442.6962890625
34340,9515.87109375
34341,9514.4384765625
34342,9195.2646484375
34343,8944.16015625
34344,8958.4150390625
34345,8925.404296875
34346,8921.1728515625
34347,9144.7021484375
34348,9194.4951171875
34349,9210.060546875
34350,9233.494140625
34351,9259.564453125
34352,9217.5849609375
34353,9267.9130859375
34354,9261.1220703125
34355,5293.1962890625
34356,2937.7548828125
34357,2773.63720703125
34358,2760.284912109375
34359,2816.79345703125
34360,2881.9150390625
34361,2969.734375
34362,2984.0244140625
34363,3116.820556640625
34364,2040.548095703125
34365,2191.849365234375
34366,2167.5888671875
34463,2111.597900390625
34368,2037.2823486328125
34369,2048.21533203125
34370,2075.367919921875
34371,1896.2332763671875
34372,1869.277587890625
34373,1900.1553955078125
34374,1927.2205810546875
34375,1134.1497802734375
34376,1128.6961669921875
34377,1151.8338623046875
34378,1170.7117919921875
34379,1106.7059326171875
34380,1086.8143310546875
34381,1082.8582763671875
34382,1100.4427490234375
34383,1081.3956298828125
34384,1061.9854736328125
34385,1045.4984130859375
34386,1033.9727783203125
34387,1034.2188720703125
34388,1012.4456787109375
34389,991.3460693359375
34390,975.8380126953125
34391,978.6710205078125
34392,954.7589111328125
34393,933.4405517578125
34394,915.5574951171875
34395,932.0504150390625
34396,910.4967041015625
34397,893.5987548828125
34398,911.9637451171875
34399,1193.4688720703125
34400,6387.87890625
34401,9861.95703125
34402,9979.2177734375
34403,10138.0849609375
34404,2416.5166015625
34405,2310.2548828125
34406,2218.7421875
34407,2491.1162109375
34408,2095.850341796875
34409,2074.630615234375
34410,2111.15771484375
34411,2367.59521484375
34412,1885.9517822265625
34413,1817.820556640625
34414,1822.343017578125
34415,1859.4339599609375
34416,2235.63232421875
34417,2357.937255859375
34418,2348.2841796875
34419,2194.563720703125
34420,2197.5732421875
34421,2192.216064453125
34422,2194.310791015625
34423,2389.05224609375
34424,2213.226806640625
34425,2209.290771484375
34426,2210.368896484375
34427,2434.773193359375
34428,2249.977294921875
34429,2247.53564453125
34430,2249.98681640625
34431,2490.510009765625
34432,2344.345458984375
34433,2319.276123046875
34434,2315.626708984375
34435,2445.040283203125
34436,2409.155517578125
34437,2413.5458984375
34438,2419.78173828125
34439,2127.031982421875
34440,1976.37451171875
34441,1975.2623291015625
34442,2105.816650390625
34443,2408.339111328125
34444,2378.0859375
34445,2384.367919921875
34446,2390.70263671875
34447,2393.16357421875
34448,2361.703369140625
34449,2370.240966796875
34450,2379.6181640625
34451,2267.11376953125
34452,2330.68017578125
34453,2337.62841796875
34454,2345.743896484375
34455,2381.468505859375
34456,1522.4791259765625
34457,1645.798828125
34458,1655.2698974609375
34459,2874.194091796875
34460,2631.30126953125
34461,2750.190185546875
34462,2746.6748046875
34559,2157.501953125
34464,2157.730712890625
34465,2182.138916015625
34466,2197.542724609375
34467,1777.2818603515625
34468,1806.5897216796875
34469,1842.5362548828125
34470,1870.584716796875
34471,1023.0902099609375
34472,1001.7476806640625
34473,1025.5401611328125
34474,1045.2867431640625
34475,997.8790283203125
34476,977.0968017578125
34477,975.4927978515625
34478,996.1368408203125
34479,969.1744384765625
34480,956.9561767578125
34481,949.6292724609375
34482,946.4754638671875
34483,923.3861083984375
34484,916.7794189453125
34485,907.6412353515625
34486,896.8824462890625
34487,877.0267333984375
34488,867.6976318359375
34489,858.2493896484375
34490,842.4090576171875
34491,837.3458251953125
34492,839.6375732421875
34493,847.0799560546875
34494,860.0572509765625
34495,1056.8001708984375
34496,6482.11181640625
34497,10213.3173828125
34498,10328.2861328125
34499,10102.8017578125
34500,9645.6640625
34501,9496.5244140625
34502,9553.3115234375
34503,9638.33203125
34504,9701.8984375
34505,9725.9296875
34506,9700.302734375
34507,9112.8076171875
34508,9151.9716796875
34509,9167.3740234375
34510,9156.341796875
34511,9206.173828125
34512,2618.270751953125
34513,2585.16845703125
34514,2565.484130859375
34515,5697.51220703125
34516,8878.666015625
34517,9005.794921875
34518,8957.228515625
34519,9698.97265625
34520,9725.22265625
34521,9903.109375
34522,9936.27734375
34523,10057.826171875
34524,10060.4140625
34525,10094.076171875
34526,10098.947265625
34527,10220.2099609375
34528,10223.2421875
34529,10229.017578125
34530,10234.662109375
34531,9422.2666015625
34532,9378.2451171875
34533,9392.6259765625
34534,9179.6630859375
34535,8991.1005859375
34536,8991.3310546875
34537,8958.8671875
34538,8952.8798828125
34539,9215.8408203125
34540,9233.34375
34541,9245.373046875
34542,9266.0751953125
34543,9327.4052734375
34544,9273.689453125
34545,9303.572265625
34546,9287.1806640625
34547,5006.4482421875
34548,3060.60888671875
34549,2770.629150390625
34550,2769.113525390625
34551,2493.3046875
34552,1950.0478515625
34553,1941.13525390625
34554,1935.1590576171875
34555,2128.9873046875
34556,2325.927490234375
34557,2470.60888671875
34558,2438.21728515625
34655,1976.5849609375
34560,1978.903076171875
34561,2000.8707275390625
34562,2028.2177734375
34563,1890.8360595703125
34564,1916.4210205078125
34565,1946.1473388671875
34566,1974.86865234375
34567,1638.37255859375
34568,1660.231201171875
34569,1688.0821533203125
34570,1712.002685546875
34571,1575.56591796875
34572,1597.436767578125
34573,1628.004638671875
34574,1658.7298583984375
34575,1461.8702392578125
34576,1485.9249267578125
34577,1520.6527099609375
34578,1563.1024169921875
34579,1378.7779541015625
34580,1398.9295654296875
34581,1430.8236083984375
34582,1471.4561767578125
34583,1335.7398681640625
34584,1351.7740478515625
34585,1390.7442626953125
34586,1438.6082763671875
34587,1306.1890869140625
34588,1319.9727783203125
34589,1348.2537841796875
34590,1440.6055908203125
34591,1094.2537841796875
34592,6508.38916015625
34593,10224.37890625
34594,10343.7978515625
34595,10169.5439453125
34596,9656.1640625
34597,9521.19921875
34598,9578.80078125
34599,9762.8466796875
34600,9756.6298828125
34601,9780.3408203125
34602,9754.91796875
34603,9211.26953125
34604,9249.2392578125
34605,9261.97265625
34606,9235.724609375
34607,9186.1201171875
34608,2645.072265625
34609,2604.354248046875
34610,2561.180908203125
34611,5554.955078125
34612,8840.857421875
34613,9047.2255859375
34614,9072.36328125
34615,9814.4951171875
34616,9823.671875
34617,10001.10546875
34618,10034.2509765625
34619,10156.4638671875
34620,10159.130859375
34621,10192.0966796875
34622,10196.9375
34623,10318.859375
34624,10321.9716796875
34625,10327.048828125
34626,10332.6591796875
34627,9523.4658203125
34628,9479.4267578125
34629,9493.7763671875
34630,9205.15234375
34631,9050.8076171875
34632,9065.7841796875
34633,9033.1904296875
34634,9027.3505859375
34635,9253.0595703125
34636,9303.3310546875
34637,9319.1513671875
34638,9340.0517578125
34639,9367.92578125
34640,9327.00390625
34641,9377.279296875
34642,9366.201171875
34643,5087.5546875
34644,3065.33740234375
34645,2812.742431640625
34646,2792.55224609375
34647,2524.607666015625
34648,1931.5745849609375
34649,1924.3148193359375
34650,1918.5074462890625
34651,2135.181640625
34652,2268.136962890625
34653,2399.50390625
34654,2383.794921875
34751,2338.423583984375
34656,2342.329345703125
34657,2404.211669921875
34658,2421.72900390625
34659,2499.36083984375
34660,2513.685791015625
34661,2525.978515625
34662,2539.656494140625
34663,2491.524658203125
34664,2509.671142578125
34665,2526.82421875
34666,2542.406494140625
34667,2438.953369140625
34668,2456.584228515625
34669,2476.9091796875
34670,2496.374267578125
34671,2358.653564453125
34672,2374.7255859375
34673,2393.079833984375
34674,2413.44873046875
34675,2313.98779296875
34676,2310.911376953125
34677,2325.2216796875
34678,2345.7958984375
34679,2276.333251953125
34680,2270.404052734375
34681,2271.03125
34682,2284.186767578125
34683,2260.98583984375
34684,2258.764404296875
34685,2266.916259765625
34686,2320.071533203125
34687,1369.7628173828125
34688,6422.8955078125
34689,9654.626953125
34690,9751.5263671875
34691,9905.7890625
34692,9783.189453125
34693,9713.3134765625
34694,9730.6591796875
34695,9836.3046875
34696,9818.84765625
34697,9821.4306640625
34698,9805.93359375
34699,9301.8125
34700,9325.8671875
34701,9327.20703125
34702,9299.1083984375
34703,9086.7021484375
34704,2618.923583984375
34705,2571.170654296875
34706,2526.74755859375
34707,5588.94580078125
34708,8881.330078125
34709,9102.03515625
34710,9177.302734375
34711,9916.193359375
34712,9916.576171875
34713,10061.2861328125
34714,10094.47265625
34715,10218.3818359375
34716,10219.34765625
34717,10252.3828125
34718,10257.2373046875
34719,10378.150390625
34720,10382.2333984375
34721,10387.3681640625
34722,10392.986328125
34723,9421.4375
34724,9487.7587890625
34725,9485.95703125
34726,9119.6845703125
34727,8939.4208984375
34728,8952.88671875
34729,8919.328125
34730,8915.015625
34731,9144.220703125
34732,9186.669921875
34733,9201.859375
34734,9225.125
34735,9255.7333984375
34736,9210.1552734375
34737,9247.7177734375
34738,9201.34375
34739,4985.0771484375
34740,2997.4892578125
34741,2810.67578125
34742,2794.491943359375
34743,2874.83154296875
34744,3019.3037109375
34745,3088.49853515625
34746,3160.005859375
34747,3257.21484375
34748,2199.83935546875
34749,2377.8671875
34750,2358.490478515625
34847,1889.515380859375
34752,1900.2706298828125
34753,1918.4906005859375
34754,1930.5592041015625
34755,1738.6884765625
34756,1761.871826171875
34757,1786.857177734375
34758,1807.0079345703125
34759,1540.0283203125
34760,1549.5947265625
34761,1561.37744140625
34762,1567.59814453125
34763,1487.4166259765625
34764,1494.8280029296875
34765,1501.7017822265625
34766,1506.6568603515625
34767,1378.3780517578125
34768,1372.3231201171875
34769,1381.0218505859375
34770,1397.5538330078125
34771,1322.4708251953125
34772,1313.3109130859375
34773,1319.8699951171875
34774,1336.0406494140625
34775,1240.8553466796875
34776,1227.7393798828125
34777,1238.2291259765625
34778,1259.6260986328125
34779,1225.3416748046875
34780,1227.7637939453125
34781,1246.7557373046875
34782,1346.4559326171875
34783,2956.3544921875
34784,3847.366943359375
34785,4934.8388671875
34786,5042.2080078125
34787,4174.99365234375
34788,2959.474609375
34789,2829.69091796875
34790,2807.41650390625
34791,2416.14501953125
34792,2329.77001953125
34793,2341.872314453125
34794,2325.712158203125
34795,2426.099609375
34796,2324.302734375
34797,2285.9951171875
34798,2293.660888671875
34799,2132.71435546875
34800,2340.481201171875
34801,2428.24853515625
34802,2430.2099609375
34803,2536.04052734375
34804,2547.6513671875
34805,2555.698486328125
34806,2562.173095703125
34807,2562.720458984375
34808,2572.75341796875
34809,2580.004638671875
34810,2586.2705078125
34811,2591.610595703125
34812,2599.82861328125
34813,2604.80517578125
34814,2608.9091796875
34815,2620.44970703125
34816,2624.83056640625
34817,2626.138427734375
34818,2620.8193359375
34819,2449.23291015625
34820,2452.5654296875
34821,2455.68505859375
34822,2489.0703125
34823,2074.59765625
34824,1920.4078369140625
34825,1913.9361572265625
34826,2279.45654296875
34827,2461.32470703125
34828,2462.6533203125
34829,2463.666748046875
34830,2462.10205078125
34831,2441.216552734375
34832,2450.304931640625
34833,2458.460205078125
34834,2469.841796875
34835,2463.34375
34836,2477.4150390625
34837,2484.486572265625
34838,2495.93798828125
34839,2287.928955078125
34840,1551.997314453125
34841,1802.8594970703125
34842,1807.4085693359375
34843,2176.900146484375
34844,2155.171630859375
34845,2144.750244140625
34846,2144.063232421875
34943,2156.072265625
34848,2180.751708984375
34849,2192.837890625
34850,2214.44189453125
34851,2215.61572265625
34852,2239.569091796875
34853,2254.91259765625
34854,2274.484375
34855,2474.18994140625
34856,2488.4375
34857,2497.444580078125
34858,2511.67578125
34859,2438.82275390625
34860,2455.18701171875
34861,2465.81982421875
34862,2479.6640625
34863,2349.3515625
34864,2366.131103515625
34865,2384.76611328125
34866,2404.02294921875
34867,2280.84033203125
34868,2298.549072265625
34869,2320.640380859375
34870,2347.0126953125
34871,2235.05517578125
34872,2250.66357421875
34873,2272.17919921875
34874,2306.00146484375
34875,2227.383544921875
34876,2253.078369140625
34877,2284.8173828125
34878,2353.94921875
34879,2841.27490234375
34880,2824.531005859375
34881,3238.84130859375
34882,2849.990478515625
34883,2944.553955078125
34884,2834.82080078125
34885,2826.3955078125
34886,2825.910400390625
34887,2107.455078125
34888,2008.9178466796875
34889,1999.9364013671875
34890,1986.0234375
34891,2136.2763671875
34892,1790.9776611328125
34893,1738.2850341796875
34894,1764.525634765625
34895,1841.014892578125
34896,2032.5740966796875
34897,2203.0302734375
34898,2194.03955078125
34899,2189.006103515625
34900,2192.775146484375
34901,2197.452392578125
34902,2198.07666015625
34903,2228.04150390625
34904,2230.19091796875
34905,2226.951416015625
34906,2224.185302734375
34907,2275.748046875
34908,2272.53857421875
34909,2270.903564453125
34910,2270.208984375
34911,2356.447021484375
34912,2330.623291015625
34913,2309.272705078125
34914,2346.69189453125
34915,2552.195556640625
34916,2555.3916015625
34917,2558.271484375
34918,2572.05517578125
34919,2407.10205078125
34920,2339.3662109375
34921,2330.3935546875
34922,2392.053466796875
34923,2570.45361328125
34924,2587.59228515625
34925,2598.989501953125
34926,2616.336669921875
34927,2623.60498046875
34928,2648.16357421875
34929,2662.58056640625
34930,2674.88427734375
34931,2656.050537109375
34932,2688.68359375
34933,2701.585205078125
34934,2713.638671875
34935,2437.680419921875
34936,2275.780029296875
34937,2619.169677734375
34938,2625.348876953125
34939,2327.14697265625
34940,2333.830810546875
34941,2353.463623046875
34942,2357.060546875
35039,2579.245361328125
34944,2638.373291015625
34945,2644.665771484375
34946,2653.931640625
34947,2670.9873046875
34948,2695.598388671875
34949,2701.54345703125
34950,2705.091796875
34951,2829.87060546875
34952,2842.342041015625
34953,2837.822021484375
34954,2836.134521484375
34955,2845.944091796875
34956,2849.000732421875
34957,2845.2236328125
34958,2847.35302734375
34959,2857.034423828125
34960,2859.2705078125
34961,2858.78466796875
34962,2863.974609375
34963,2877.79541015625
34964,2883.99951171875
34965,2887.578369140625
34966,2893.23779296875
34967,2911.12060546875
34968,2918.603515625
34969,2924.60888671875
34970,2930.576416015625
34971,2944.980224609375
34972,2967.624267578125
34973,2985.412353515625
34974,3008.674560546875
34975,1466.2950439453125
34976,6111.93701171875
34977,9953.529296875
34978,10063.3115234375
34979,10232.8388671875
34980,5762.29638671875
34981,4554.9716796875
34982,4442.96435546875
34983,2530.7421875
34984,2173.89013671875
34985,2068.282470703125
34986,2058.182373046875
34987,2410.385009765625
34988,1824.8402099609375
34989,1704.7249755859375
34990,1696.8941650390625
34991,1735.0521240234375
34992,2175.826904296875
34993,2376.82373046875
34994,2373.896484375
34995,2129.6787109375
34996,2155.2626953125
34997,2146.7548828125
34998,2153.963623046875
34999,2430.22021484375
35000,2209.79296875
35001,2178.648193359375
35002,2179.569091796875
35003,2462.363525390625
35004,2238.225341796875
35005,2209.905517578125
35006,2212.346923828125
35007,2508.3798828125
35008,2296.530029296875
35009,2265.0908203125
35010,2280.23388671875
35011,2894.192138671875
35012,2932.280029296875
35013,2943.6201171875
35014,2931.82861328125
35015,2879.843994140625
35016,2902.40869140625
35017,2874.561767578125
35018,2853.115234375
35019,2938.859375
35020,2964.977294921875
35021,2988.06494140625
35022,3017.0322265625
35023,3066.109375
35024,3109.052001953125
35025,3106.151123046875
35026,3089.2734375
35027,3042.595947265625
35028,3147.704833984375
35029,3134.642578125
35030,3115.745361328125
35031,3112.529052734375
35032,3179.018798828125
35033,3268.188720703125
35034,3248.7822265625
35035,2857.72216796875
35036,2759.13818359375
35037,2888.68310546875
35038,2877.67724609375
